,평점,일시,감상평
0,10,2014.02.06 03:17,"난 아직도 이 영화가 [용가리]보다 1년 먼저 나왔다는 사실이 믿기지 않는다. CG와 플롯, 배우들의 연기까지 [용가리]에 비하면 10점 만점을 줘도 아깝지 않을 작품이다."
1,10,2013.02.25 21:45,개인적으로 재미있게 본 영화이다. 특수효과도 좋고. 재작비 많이 든 것이 그리 산으로 간 것은 아닌듯한 괴수영화다.
2,5,2019.05.29 12:25,고질라 원작을 생각하니 얘는 고질라가 아니라 그냥 공룡이었음...원작을 몰랐다면 9점.
3,10,2014.09.17 10:51,고질라 2014 보다가 이거 보니까 정말 꿀잼 잘만든 영화중 하나임 동원참치도 깜짝출연함ㅋㅋㅋㅋ
4,10,2019.09.15 14:16,내 인생영화 고질라 쥬라기 공원 사랑합니다 7점대로 하기엔 너무 아까운 영화에요!!
5,5,2019.05.08 02:36,지금 보니 고질라가 티라노가 됐네 ㅋㅋ
6,10,2019.04.08 17:24,"스토리 전개, 개연성 탄탄, 캐릭터, 대사 재밌음. 오래된 영화인데도 이만한 괴수영화 없지요. 지금봐도 재밌는 영화!!!"
7,9,2017.06.08 13:00,옛날 영화지만 지금 나오는 그래픽 떡칠떡칠한 영화보다 훨씬 재미있다.
8,10,2016.07.29 21:39,팔점은 넘어야지 그래서 십점
9,7,2016.03.19 18:21,고질라 팬들에게는 당황스럽게 보일지 몰라도 괴수에게 동물성을 더욱 추가시킨게 마음에 들었다. 이정도면 괴수영화들중에서는 명작 개인적으로2014년에 리부트 된거보다 재미있었 습니다.
10,8,2013.01.19 12:51,"당시 라이언일병, 타이타닉, 쥬라기공원2에 가려서 그렇지... 15년전 영화라도 전혀 구린감이 없다.. 뉴욕에 등장하는 장면과 육해공으로 고질라 추격과 택시로 달아가는장면등.. 현재 한국영화도 이정도는 못만든다.."
11,9,2013.06.16 00:01,옛날 영화지만 지금 나오는 그래픽 떡칠떡칠한 영화보다 훨씬 재미있다.
12,7,2013.06.16 19:24,오락성은 확실하게 갖춘 영화 재미요소도 있고 꼭 일본껄 리메이크 했다고 깍아내릴 필요는 없음 이영화의 백미는 고질라가 뚤고 나간 빌딩을 보여줄때 그안에 헬기가 왔다 갔다 하는 CG는 잊을수 없음..
13,10,2013.07.01 01:22,"여러가지 이유로 10점을 줄수있는 영화.확실한 액션, 극강의 스케일,소소한 웃음등 뭐하나 아쉬운게 없는듯"
14,10,2013.06.08 17:49,15년전 어릴 때 몇번이고 다시 보던 기억이 새록새록 ..
15,9,2014.02.27 03:04,어렸을 때 보고 커서 다시 봤는데 오드리 그 년 아주 나쁜 개같은 년이더만 지 인생 필려고 학구열 있는 과학자 팀에서 쫓겨나게 하고 배신하고 쓰레기 같은 년
16,10,2014.05.11 22:39,진짜재밋게봣는데....마지막에고질라새끼한마리남아잇길래이번에나올고질라가그거후속작일줄알앗는데
17,10,2014.05.15 11:43,"2014년 고질라를 보고나니,, 이게 얼마나 명작인지를 알겟더라 ㅋ2014고질라보다 더 화끈해!! ㅋㅋ"
18,10,2013.08.11 06:45,왜 평점이 7점대이지? 이만큼 재미있었고 때문에 많이본 영화도 몇 없는데?
19,10,2014.05.16 00:57,2014년이 되어서야 재평가 받는 고질라. 사실 이게 존나 재밌는 거였구나....난 이거 재밌게 봤었는데 원작을 파괴했다고 욕먹더라. 앞으로 느려터진 고질라 원작 소스 재탕하면 무조건 망하리.
20,9,2013.08.17 22:50,가끔씩 생각나는영화 어떻게 98년에 이런 cg를써 ㅋㅋ정말신기하다
21,9,2013.10.23 01:47,이거 평점이 왜 이렇게 낮아 지금 봐도 쩌는데
22,10,2014.03.01 10:18,지금봐도 개재밌는영화
23,10,2014.08.17 12:59,원작파괴라해도 훨씬재밌어 이만한영화가어딨어
24,9,2014.05.24 08:24,토호사에서 나온 고지라를 보고 헐리우드 리메이크에 기대를 품은 제임스 롤프 같은 고지라 매니아들은 쓰레기라고 평가했지만 고지라를 모르고 영화를 본 일반 관객들에게는 훌륭한 오락영화이다.
25,10,2016.01.23 16:45,내가 이상한거냐 나는 오리지널보다 1998 고질라 디자인이 더 좋은데
26,10,2014.01.09 20:24,난 어릴때 진짜 재밌게 봤고 현재도 그런데 왜 사람들이 혹평하는지 모르겠다.그렇게 욕먹을정돈 아닌거같은데.
27,10,2014.03.29 20:14,아직도 이해가 안가는게  이렇게 잘만든영화가 개봉당시 엄청나게 까였는데 몇번을봐도 왜들 그랬는지 이해가 안가는....지금은 그냥 음해세력 알바들이었다고 생각하고있음
28,10,2013.07.08 16:58,현란한 액션연출과 탄탄한전개. 독보적인 영상스케일..앞으로도 계속해서 재평가 받게 될것이 분명한 역작. 스케일에비해 구성이 아쉬웠던 에머리히감독의 다른작품들과는 확실히 다른 그의 역대 최고작
29,10,2017.05.14 02:16,이후 고질라 영화는 죄다 유치하고 재미도 드럽게 없으며 보고나서 헛웃음만 나왔다. 고질라 매니아들이 어떻게 평가하든 나에게 1998년작 고질라는 90년대 명작중 하나임
30,10,2014.05.06 18:04,15년전 영화라고? 믿을수없을정도의퀄리티와스토리액션모두포함되어있고결말까지완벽하다!
31,10,2014.02.27 23:47,영화 수준만 보면 최근 영화랑 비교해도 손색이 없음. 상당히 잘 만듦
32,9,2015.08.03 07:23,고질라 팬들은 싫어하는걸로 알고 있는데.. 일반인인 내가보기엔 이게 2014년작보다 재밌다
33,10,2014.09.04 22:12,고질라 어렸을때보고  요즘 다시 다운받아봤는데도 cg거의 완벽의 가까운 수준이고 내용도 재미있고..
34,10,2017.12.16 17:18,고질라를 처음으로 접한 영화. 일본원작 고질라 팬들이 심히 까내릴만큼 재미없는 영화는 아닌데.
35,9,2014.07.04 02:32,도시에 괴물이 출몰한 영화 중 최고의 역작
36,10,2014.04.07 04:08,형은 이거 10번 봤다.지금봐도 전혀 어색하지 않은 그래픽과 스토리 굳
37,10,2017.12.30 13:22,개명작 90년도에나온영화같지않음요즘영화보다내용도그래픽도 탄탄함진짜
38,10,2018.04.01 09:12,옛날영화 임에도 불구하고 그때 수준으로는 그래픽도 좋고 난 잼나게 봤다
39,10,2013.06.18 17:10,킬링용으로 딱임.........
40,10,2018.07.26 07:18,지금 나오는 고질라가 원작에 가까운모습이다 뭐다 하는데 이 고질라가 젤 잘생겼어요
41,10,2018.07.10 19:19,감독이 퇴화하고있다는게 확실히 느껴집니다. 이때는 이렇게나 잘했는디ㅎㅎ
42,10,2013.06.28 21:35,처음보았을때는 재미있었습니다
43,10,2011.06.21 19:21,이거 보고나서 일본 원조 고질라 봤는데 존1나 재미없었음; 이게 더 잼따
44,7,2019.05.12 16:41,고질라 팬들에겐 욕먹지만 사실 일반인들에겐 그럭저럭 괜찮은 영화다
45,8,2018.08.09 03:28,과학적으로 말안되는 요소가 많기는 했는데...그런거 안따지고 보기에는 괴수영화중에 이게 제일 재미있었다.
46,10,2017.08.25 14:40,재미있었음. 2014고질라보고 와 이건 아닌데 싶었음
47,8,2016.12.28 17:51,고질라 팬들이 욕하는 건 이해감 이정도면 원작파괴가 맞으니 하지만 고질라 라는 타이틀을 감안하고 그냥 한편의 괴수 영화로만 본다면 이 영화는 나름 잘 만든 영화가 맞음 더군다나 98년도에 나온 영화이니 베평말대로 지...
48,10,2014.08.28 21:41,혹평도 많지만 어차피 이런영화는 그런 복잡한 설정놀음은 필요없다 거대한 스케일에 재미있으면 끝
49,9,2014.05.19 15:05,어제 티비에서 해주던데요; 옛날영화인데 너무 잘만든영화같아요ㅎㅎ
50,10,2014.02.06 03:17,"난 아직도 이 영화가 [용가리]보다 1년 먼저 나왔다는 사실이 믿기지 않는다. CG와 플롯, 배우들의 연기까지 [용가리]에 비하면 10점 만점을 줘도 아깝지 않을 작품이다."
51,10,2013.02.25 21:45,개인적으로 재미있게 본 영화이다. 특수효과도 좋고. 재작비 많이 든 것이 그리 산으로 간 것은 아닌듯한 괴수영화다.
52,5,2019.05.29 12:25,고질라 원작을 생각하니 얘는 고질라가 아니라 그냥 공룡이었음...원작을 몰랐다면 9점.
53,10,2014.09.17 10:51,고질라 2014 보다가 이거 보니까 정말 꿀잼 잘만든 영화중 하나임 동원참치도 깜짝출연함ㅋㅋㅋㅋ
54,10,2019.09.15 14:16,내 인생영화 고질라 쥬라기 공원 사랑합니다 7점대로 하기엔 너무 아까운 영화에요!!
55,5,2019.05.08 02:36,지금 보니 고질라가 티라노가 됐네 ㅋㅋ
56,10,2019.04.08 17:24,"스토리 전개, 개연성 탄탄, 캐릭터, 대사 재밌음. 오래된 영화인데도 이만한 괴수영화 없지요. 지금봐도 재밌는 영화!!!"
57,9,2017.06.08 13:00,옛날 영화지만 지금 나오는 그래픽 떡칠떡칠한 영화보다 훨씬 재미있다.
58,10,2016.07.29 21:39,팔점은 넘어야지 그래서 십점
59,7,2016.03.19 18:21,고질라 팬들에게는 당황스럽게 보일지 몰라도 괴수에게 동물성을 더욱 추가시킨게 마음에 들었다. 이정도면 괴수영화들중에서는 명작 개인적으로2014년에 리부트 된거보다 재미있었 습니다.
60,7,2015.11.24 02:32,"원작을 못봐서 원작과 비교해서 어떤지는 모르겠다만, 괴수영화로 재밌게 봤다."
61,6,2019.06.15 10:35,"재미는 있었지만 고질라를 공룡으로 만들고, 고질라를 도망만가는 쫄보로 만들고 미사일 몇방맞고 디지는 약골로 만들다니... 너무 고알못이 만듯 영화네요"
62,10,2018.09.05 15:42,평점 조절 위해 10점준다. 이영화가 잘못만든거면 우리나라 영화 95프로는 사라져야함
63,7,2019.09.22 00:25,"돌이켜보자면 이 영화를 겨냥한 과잘알들의 조리돌림도 래즈베리상의 조롱도 다 그럴 만한 이유가 있음을 알 수 있다. 하지만 적어도 원작보다 이 영화를 먼저 접한 입장에서, 원작 팬들의 비판에 부화뇌동해 가며 까내릴 만..."
64,7,2019.05.26 10:32,고질라???  뉴욕판 쥬라기공원 !
65,9,2019.05.03 17:41,솔직히 애국심 팔이 디워 쓰레기 따위에 비하면 개명작 아니냐?
66,10,2019.04.07 22:12,20년 전 영화라고는 믿기질 않을 만큼 잘 만들어진 영화
67,10,2018.11.29 20:14,세상 모든 괴수 영화가 너와 같았다면
68,10,2017.08.28 02:05,솔직히진짜재밌다두시간치곤시간금방간다
69,8,2017.03.10 01:35,감독의 독단과  부족한 연출력 때문에 영화는 망했지만 이 고질라도  충분히 참신하고  멋진 괴수다. 언젠가는 미국산 고질라로  당당히 인정받고 대형 스크린에서 다시 볼 수 있길 바란다.
70,10,2016.03.12 22:53,98년 어릴적 눈 휘등그래 만들어준 영화 비디오가게에 당시1500원주고 최신프로 빌려야했다 그립다 그시절 최고의영화
71,10,2015.01.24 14:41,이거 영화관에서 봤다 작품성이것저것 따지기전에 재밌다  말만 계속 해대서 지루한 그런것 없이 재미요소가 러닝타임 내내 촘촘히 박혀있다.  사진속 한국요소를 찾아보는것도 또다른 재미.
72,9,2014.12.13 17:45,원작파괴지만 1998년에 CG기술이 왜이리 좋음?솔직히 이게 고질라가 아니었으면 전 10점이라도했을거에요.^^
73,9,2014.05.13 00:17,2014년이 되서 이 98년작을 다시봐도 명작 .. 정말명작...지금이랑 비교해 크게 꿀리지 않는 그래픽하며 탄탄한 스토리에 깔끔한 진행...다시봐도 정말 재밌다..!! 2014년 고질라 도 기대한다!!
74,10,2014.02.11 21:38,고질라 1998년 용가리 1999년 퀼리티 싸움도안됨 용가리 멸망시킨 최고의 명작. 당시의 동원참치가 일본어선에서 등장하는데 동원참치 매출 증가 효과를 발휘한 최고의 명작
75,6,2010.08.30 10:53,솔직히 용가리보다는 훨씬 자연스럽잖아...멍청한 오드리...
76,9,2010.03.05 23:39,2편 안나오냐고 ㅠㅠ
77,4,2019.08.07 23:51,"왜 그랬어, 에머리히!"
78,5,2019.06.28 23:57,원작을 전혀 생각하지 않는다면 한 7점 이상은 줄 수 있는데...원작파괴가 너무 심해서...
79,5,2019.05.12 16:50,이름만 고질라지 그냥 거대공룡영화 포스넘치게 등장해서 고작 헬기 몇대 따라오니깐 도망치고 결국 미사일 몇대 맞고 사망
80,8,2018.11.29 01:03,일빠 고지라 팬들이 원작타령 하길래 욕을 먹었지만 오락성 하나는 2014년 고질라에 비하면 아주 뛰어나다
81,8,2018.02.04 12:58,두고두고 영화화 될 멋진 캐릭터 고질라
82,9,2017.03.03 23:29,제가 어렸을때 재미있게보던영화~  일본의 피규어나오는 씬~ 고질라보단 훨났다~~
83,10,2016.07.23 20:12,정말 1998 고질라야 말로 정말 재밌는 갓질라인데 2014 고질라는 정말 OOO기 영화 그래픽이나 뭐나 1998보다 훨씬 더 발전했을텐데 결국 스토리나 연출력 차이인듯 등장인물도 중요하고
84,9,2016.03.11 03:59,오히려 2014고질라가 1988고질라를 망쳤다
85,5,2014.05.17 22:24,본격 참치먹방 하는 짭질라
86,5,2020.03.04 14:06,자신들의 흑막을 덮기 위해 고질라를 제거하려는 프랑스 정부넘들! 유럽의 차이나.
87,6,2020.01.22 21:39,방사열선만 있었다면...그리고 이녀석이 질라인 진짜이유는 고질라미국판권도끝나고 질라 판권도 토호가 압수해서 질라로 바꿧더군요 고질라가 아닌 질라
88,10,2019.07.26 23:27,개인적으로  제일 재밌는 할리우드 고질라 영화
89,10,2019.07.20 20:08,ㅈ잼ㅈㅈㅈㅈ잼ㄲㅇ잼
90,10,2019.07.06 22:39,98년 초6 시절에 이 고질라 영화는 보고  용가리는 안 봤습니다. 고질라 원작 자체를 몰라서  원작파괴란 평 많은데 갠적으로 엄청 재밌게 봄. 오늘 고질라 킹오브몬스터보고  용가리까지ㅠ보았다. 용가리 ㅠㅠ
91,10,2019.06.15 01:00,쥬라기 공원 볼 때도 느꼈지만 고질라 볼 때도 또 느끼네.. 어쩜 이OO 전 영화인데도 그래픽이 촌스럽지 않고 저렇게 자연스러울까.. 헐리우드는 진짜 대단 ㅋㅋ
92,5,2019.05.26 12:49,"방사능 오염으로 태어난  거대 괴수의 난동을 그린 괴수 영화. 특별하진 않아도 해당 장르가 갖춰야 할 것들을 챙길만큼은 챙긴, 나름 볼 만한 킬링 타임 무비다. 다만, 고질라와 전혀 닮지 않은 괴수 영화에 왜 고질라..."
93,6,2019.04.08 00:01,"괴수 블록버스터의 교과서, 같은 느낌이네요. 후반에는 쥬라기공원인줄..."
94,8,2019.04.04 06:20,몇 년 전에 중간까지 보고 말았는데 후회된다. 다 봤어야 했는데
95,7,2019.03.18 20:52,원작이 뭔지 몰랐던 것도 있겠지만 영화 자체로 놓고 봐도 괜찮은 오락영화
96,6,2019.03.13 23:48,거대 괴수가 뉴욕 한복판에서 신출귀몰한다는 건 납득할 수 있지만 인물들의 돌발행동과 상식선을 벗어난 군부대의 움직임은 납득불가.
97,3,2019.01.14 11:32,어릴때 재미있게 봤지만 알고보니 이작품이 원작 파괴작이라는걸 알았다. 지금은 리부트가 더 재미있다. 레옹 때문에 3점 드립니다. 제목을 고질라(갓질라)가 아니라 질라로 개명해야되는 영화
98,9,2017.06.12 18:50,"재밌는데, 위트를 좀더 제대로 넣었더라면 어떨까 하는 생각."
99,10,2017.04.01 16:17,동원 아이큐 참치 ㅋㅋㅋ
100,8,2017.03.09 19:52,예전영화인데 잼있게봄.
101,10,2016.11.25 19:08,제목을 '이구라'로 바꿧어야 한다.
102,10,2016.10.30 14:00,일본의 고질라가 원조인 줄 모르고 이 고질라를 처음 접했던 어린 시절 이놈은 날 완전히 압도했다..ㅎㅎ 개인적으로 괴수물을 꽤나 좋아하기 때문에.. 이젠 제법 머리가 커서 어른 소리 듣는 지금도 '롤랜드 감독...
103,10,2016.06.25 10:29,이 영화에서 기억남는것은 극장화면에 선명하게 보이던 동원 참치 캔이다.ㅎㅎ
104,10,2016.05.01 23:42,내가 생애 최초로 극장에서 본 영화.그때는 좌석이 꽉 차면 계단에 앉아서 보기도 했지.그날 고질라는 계단까지 만석이였음. 추억 돋는다 ㅋㅋ
105,6,2014.05.16 01:47,영화보면서 고민할필요도 없고 그저 즐기기에 딱 좋은 영화아쉬운게 있다면 쥬라기공원의 CG를 그대로 카피한게 여기저기서 보인다는 점
106,9,2014.02.03 01:41,전형적인 헐리우드 영화지만 여러번 봐도 질리지 않는 안정적인 스토리와 구체적인 뉴욕의 거리와 빌딩들이 너무나 현실적이다... 오히려 현재의 에머리히보다 더 탄탄한 작품이라고 봐도 될만큼..ㄷㄷ
107,8,2013.12.31 00:02,이것도 원작이 일본이었구나
108,9,2013.08.08 16:41,솔직히 난 일본 고질라보다 미국 고질라가 더 잘만든거 가따!  더 리얼리티함!
109,6,2012.03.16 20:30,기대만큼 크게 느껴지진 않았다
110,10,2011.08.25 23:31,초딩때 첨보고도ㅋㅋ 지금 케이블에서 해주면 밥먹으면서 중간중간 바도 잼잇는영화!
111,6,2010.10.30 22:59,"참치캔 ㅎㅎ ,,,볼만했음 ~~~~~~"
112,5,2010.06.14 03:00,결국 괴수의 크기가 중요한 건 아니었다
113,5,2009.12.18 10:41,킬링타임용 영화로서는 괜찮았다
114,4,2009.11.01 01:09,50년대 B급 영화인 고질라 시리즈의 재미에 훨씬 못미친다
115,6,2009.09.15 18:12,A급의 탈을쓴 B급 괴수영화.
116,6,2009.04.26 13:06,아놔.. 동원참치...
117,8,2009.03.08 10:31,옛남자 친구 등처먹는 계집이 압권
118,4,2008.11.17 16:01,원조고질라에대한 배신!!괴수의왕을조잡한 크리쳐수준으로 만들었다 -.-
119,6,2008.06.24 00:02,크면 다된다고 믿는 어리석은 괴수물
120,5,2008.03.26 17:09,다시보니 여러모로 식상하네.. 최근에는 좋은 영화가 너무 많아서 그런가..
121,6,2007.12.06 07:37,공룡은 언제나 나에겐 흥미로운 존재다
122,5,2007.10.26 16:14,전개될수록 떨어지는 스릴감과 식상한 스토리
123,6,2007.09.08 13:31,CG는 대단하지만 공룡은 웬지 식상.
124,4,2007.08.18 11:57,미사일2방에 죽는 고질라.
125,6,2007.08.16 20:03,무모한 거대괴수. 난 괴수매니아가 아닐뿐이다.
126,5,2007.07.21 02:43,98년도에 본 사람들 빼면 점수는 형편없겠지
127,3,2007.06.14 15:53,영상미가 좋아서 그나마3점. 고질라가 이구아나냐? 양키들아
128,5,2007.02.07 12:04,재밌당...
129,6,2007.02.04 22:17,옛날 생각 나네..
130,5,2006.11.23 18:31,쥐라기 공원보다 먼저 나왔으면 대박
131,6,2006.10.06 18:05,잘봤다
132,5,2006.08.16 20:31,ㅋ공룡열풍에이은 아류작ㅋ 그다지 기대만큼은별로ㅋ
133,2,2006.07.18 22:07,어렸을때재미있게보았는데..왜망햇지?
134,5,2006.02.02 19:01,닳고닳은 소재에 돈만 바른다고 되니? 그저그런 영화로 묻힌...
135,6,2006.01.15 06:30,돈만 잔뜩쳐발랐군요 특수효과땜에 그나마 6점드립니다
136,6,2005.12.17 05:05,"5점 줄꺼, 동원참치 때문에 1점 더 준다 ㅋ"
137,6,2005.08.18 14:17,고질라..모질라..
138,4,2005.07.31 10:37,확실히 고질라는 컸다. 그러나 영화는 너무도 작았다.
139,6,2005.07.12 16:33,괴물이 좀 더 날 뚜ㅕ야 했다
140,1,2005.05.02 18:51,최악의 영화다. 역시 원작을 뛰어넘는 리메이크는없는것인가
141,6,2005.05.02 16:08,극장에서 돈 내고 봤는데 아까웠던 영화 중 하나.
142,2,2005.04.20 19:30,아무리 헐리우드라지만 이건 너무 했다
143,5,2005.03.26 10:31,괴수 고지라..미국인이 생각하는 고지라이야기..ㅡ.ㅡ
144,4,2005.03.13 22:18,용가리 저리가라더군..ㅡㅡ;
145,4,2005.02.08 15:52,보지도 않은 원작까지 같이 싫어하게 만든다
146,5,2005.01.31 23:38,장 르노는 미국 영화에선 왜 고만고만한 역할에 머무는 걸까.
147,6,2005.01.26 17:07,그나마 볼거리가 있어서 점수를 주는 영화.
148,5,2005.01.24 01:43,그래도 한국영화보다 5000배 낫다
149,2,2004.09.24 16:34,에머리히는 사이즈에 고만 집착해라..
150,1,2004.09.11 09:35,동원참치.
151,5,2004.08.07 18:47,쥬라기공원 영화를좋아하는분이 보시면 어쩌면 좋아할수도...
152,5,2004.07.20 09:08,아 너무 지루 고질라영화로는 별로 안어울리고; 왠 로맨스장면이나 나오고
153,5,2004.06.21 09:56,Size Does Not Matter 크기와 재미가 정비례 관계는 아니다
154,4,2004.02.29 19:13,"""광고잘 했소""---동원참치"
155,10,2019.12.26 21:37,고질라 이거보고 알아서 이게 나한데는 원작이다 다시봐도 재밌네 솔크에 이걸 본 내가 레전드다
156,10,2019.12.09 04:03,동원참치 무엇?ㅋㅋㅋㅋ 원작이랑은 전혀 다른 스토리지만 다른 고질라와는 전혀다르게 재밌음. 지하철에서 장르노와 함께 새끼공룡(?)들이랑 술래잡기 하는것도 꽤 스릴있게 봤던걸로 기억함ㅋㅋ
157,6,2019.11.02 00:50,어릴 적 그렇게 좋아했었는데.
158,9,2019.06.20 14:20,역대고질라중 가장몸매 잘빠지고 섹시하게생김
159,8,2019.06.10 23:26,얘는 고질라가 아니고 티라노사우르스같해
160,10,2018.02.04 13:56,인생영화  인생영화 인생영화
161,10,2017.01.08 14:40,2014년 고질라보다 98년 고질라가 스토리도 더 좋고 더 잘생김
162,3,2014.12.11 18:01,"이거 보고 나서 일본 원작,리부트 2014 보니 이게 별로 재미없어 보인다. 그 괴수디자인은 참 좋은디...애니메이션 판이 훨 더 재밌고 인물관계도 신기하나 이것은 너무 뻔한 내용인듯 싶다.원작이나 리부트 팬인 나로..."
163,7,2014.05.23 15:49,이 영화가 그렇게 구리냐? avgn이나 nc 앵그리죠는 이영화 진짜 혹평하던데
164,10,2013.05.12 01:30,고질라의 미국버전이 아닌 오리지날로 나왔으면 더 좋은평을 들었을듯 한 아쉬운작품
165,6,2012.03.16 20:30,후반의 새끼 고질라들과의 도주전은 <쥬라기 공원>을 보는 듯 했다
166,10,2017.03.08 20:30,신고질라보고 느낀건데 참ㅋㅋ그딴게5점이라면 이건100점
167,4,2015.11.08 23:13,옛날꺼 치고 cg는 인정. 근데 설정파괴에다가 저게 고질라냐 공룡이냐
168,4,2015.07.12 00:32,"원작 고지라 시리즈를 무시하고 봐도 도무지 용서가 안 되는 영화. 크리처, 재난 영화로서도 불합격이다. 배우들의 발연기, 개연성 없고 경박한 각본, 긴장감과 박력 없는 액션과 촬영구도, 시대를 고려해 봐도 어색한 C..."
169,1,2014.12.03 16:53,에머리히에게 묻는다 원작은 보고 만들었냐? 이건 1점도 아까울정도의 원작파괴다
170,1,2014.05.18 15:35,아니 냉혈동물이라 열추적 미사일을 못쏜다는데 밤에 잘만 돌아다님 원작파괴를 해도 정도가있지 어떻게 방사능빔을 안쏨 고지라를 왠 공룡으로 만들어놈
171,4,2020.06.07 00:14,고질라 원작 팬들에겐 실망하긴 하겠어...
172,10,2020.04.26 16:38,어렸을 때 봤을 땐 최고였지 이게....ㅋㅋ
173,9,2020.04.19 22:22,괴수를 가지고 액션 오락 영화에서 이 정도의 재미를 주는 작품은 정말 찾기 힘듦
174,8,2020.03.07 09:30,주인공들이 귀여워서 인지. 고질라도 귀엽게 보임. 그 주위에 받혀주고 있던 조연들. 끝에 고질라 다리 케이블 걸려서 미사일 맞고. 쓰러질때 눈물 나려고 했음.. 계속 봐도 스토리가 질리지 않다. 간간히 보여주는 개그...
175,7,2019.03.02 17:51,딱 오락성 짙고 볼거리는 많은데 개연성도 없고 설정도 어설픈 영화 괜히 당시에 올해 최악의 영화로 선정된게 아님
176,8,2018.11.22 14:18,7점 후반대 영화~~~ ㅎㅎ
177,10,2018.10.15 17:42,고지라1998이너무길어서다보지도못햇서요!!!
178,8,2017.02.25 13:19,"재밌긴한데 괴수영화 특성상 전형적인 스토리라,,,"
179,7,2016.12.12 22:56,개인적으로는지루했으나후반부는볼만하다글고 2014년작보다낫다
180,7,2016.11.02 23:34,영화자체는 괴수물로써 상당히 훌륭하다. 문제는 고질라라는 타이틀을 가지고 나왔다는거다.
181,10,2016.09.30 07:57,Good!.!.!!!!.
182,10,2016.05.06 17:32,음~~~용가리마싯엉
183,10,2016.04.28 00:26,괴수영화중 스케일은 탑이지 않을까
184,10,2016.04.10 22:29,평점이 왜이래? 난 잼있던디
185,10,2016.03.26 18:03,이거 꽤나 볼만한데  왜케 까이지
186,8,2016.03.05 11:41,누가들어도 아는 이름이 되어버린..
187,9,2016.02.21 03:07,괴수영화 중엔 당연 으뜸. 소재를 살려주는 재밌는 스토리까지 굿이다.
188,8,2015.07.23 04:20,어릴떄 짱 재미있게 봤떤 영화 . . .   다시 보면 유명배우 옜날 ㅂ모습보는 재미도 있는 ㅋㅋㅋ
189,8,2015.07.16 09:28,초딩때까지만해도 케이블에서 틀어줘서 잊혀질만하면 재밌게 보던영화 요즘엔 잘 안나오던데ㅜ
190,8,2014.08.27 23:19,"미사일 몇 대 맞고 OO건 용서못하는데, 나머지 연출력과 색다른 디자인은 참 멋졌다. 근데 미사일 때문에 2점 감점"
191,9,2014.08.24 08:00,"16년전에 3번 봤던 영화. 당시 볼게 이것밖에 없어서 만나는 여자들마다 한번씩 봤다. 요즘 나오는 퍼시픽림, 슈퍼맨 같은 그래픽에도 안밀린다 생각한다.그 때로 돌아가 3번 더 보고 싶다^^;"
192,10,2014.08.23 03:27,멋지네이야호오오홋 리얼 땅따라
193,9,2014.07.19 15:05,참치는 동원참치...
194,9,2014.06.06 06:46,추억의 꿀잼영화 영상미는 90년대가 아닌거 같다
195,10,2014.05.17 22:00,어릴 때 보나 지금 보나 여전히 재밌다괴수에 대한 환상을 갖게 해줬던 영화이거 미국 애니메이션도 있었는데 ㅎㅎ
196,10,2014.05.13 12:27,진짜 재미 있게 본 영화 ㅎ
197,7,2014.04.29 21:23,"후반처럼만 하지...소재에 비해 분위기가 너무산만, 유치함.."
198,10,2014.04.13 00:01,"언니가 괴물 영화 팬이라서 클로버 필드,미믹1,프릭스, 플라이,쥬라기 공원 다 봣는데 고질라가 젤 잼썻어여 ><~♥♥"
199,10,2014.04.02 01:01,걍 괴수영화 최고봉이네요
200,10,2014.03.25 10:59,더이상의 스케일은 없다
201,10,2014.03.01 12:47,추억의 영화...지금 봐도 정말  재밌다 ㅠㅠ
202,10,2014.01.05 14:42,투모로우도재미있게봤는데 이것도롤랜드에머리히 작품인가
203,10,2013.12.24 09:40,지금봐도 오락영화로 손색없던데..특히 헬기랑 고질라 숨바꼭질은 당시 초딩때 극장에서 손에 땀을 쥐면서 봣다~~
204,8,2013.07.10 21:35,코미디인 거 같기도....고질라 CG가 뛰어나다.마지막최후 땜에 2점 깎이네요
205,9,2013.05.09 16:19,때론 단순하고 쉬운게 매력적일때가 있다
206,10,2013.03.16 18:38,한마디만하겠으   짱!
207,9,2013.01.30 00:08,화끈한 괴수영화
208,9,2013.01.29 13:10,지금봐도 재미짐
209,10,2013.01.16 20:38,몇번을 봐도 안질린다 감독님 작품중에서도 개인적으로 좋아하는 영화도많고 ㅎㅎ 롤랜드 팬됫수~
210,9,2012.11.15 18:23,내 생에 첫사회생활때 첨극장가서 봤던 영화
211,9,2012.11.10 17:50,고증은 부족하나 오락으로 즐기기엔 손색없는 영화
212,7,2012.10.06 23:37,재밌긴한데 후반에 갈수록 지루해짐.
213,10,2012.09.30 06:26,일단 출연배우들이 훌륭하고 쥬라기공원보단 못하지만그냥 보면 좋은 재밋는영화  전이거 6번째보는데 앞으로도계속볼듯
214,10,2012.07.19 23:16,재미있었습니다....
215,10,2012.07.06 14:05,말이 필요없는 괴수영화의 걸작!
216,10,2012.07.05 20:44,장 르노형님이라 9점 먹고 들어감.
217,9,2012.05.22 01:25,난 어릴때나지금이나 재밋게 밧음^^
218,10,2012.04.26 23:41,너무나 멋지게 봤던 영화라 9점인줄 알았는데......^^ 아쉽네요. 수작인데.
219,10,2012.04.01 20:02,장 르노 진짜 상남자임
220,10,2012.03.22 23:49,굿
221,8,2012.02.18 13:51,킬링타임용으로 딱인영화.. 아무 생각 필요없이 걍 보면 됨..
222,10,2012.01.13 09:55,괴수영화의 대표작~오락성 하나는 충분하다!
223,10,2011.12.12 11:37,이것이 진리
224,10,2011.09.22 22:08,이거 원래 일본영화였음?
225,8,2011.08.29 21:51,무난합니다ㅋ
226,10,2011.07.07 20:48,ㅋㅋ 개재밌
227,10,2011.06.08 18:06,좋아하는영화예요 ㅋㅋㅋ
228,9,2011.05.29 16:15,학창시절에 정말 재미있게 봤던 영화.. 지금봐도 손색이 없음~!!
229,10,2011.05.07 20:32,블루레이도 샀어요. ㅋ
230,10,2011.03.01 16:09,정말로 환상적이게 잼있어요 100인치스크린으로보세용 강추 ㄷㄷ
231,9,2011.02.23 14:46,그시절나는정말재미있게봤는데 전문가들은왜이렇게혹평이지..
232,8,2011.01.27 22:11,"괴수물의 상상력과 액션, 지금봐도 후회없을 고질라의 괴성"
233,10,2011.01.20 22:42,제대로 감상했습니다. 아주 좋습니다.
234,10,2011.01.10 10:33,오랜만에 봐도 진리
235,10,2011.01.05 20:06,괴수영화 하면 이거다.
236,9,2010.12.30 09:49,나름 괜찮았음.
237,8,2010.11.30 06:02,드래곤힐스파에서 봤다 ㅋㅋㅋㅋㅋ괜찮은 영화였다 ㅋ
238,10,2010.11.20 17:49,이런 영화좋음
239,10,2010.10.06 07:07,ㅋㅋㅋㅋㅋㅋㅋㅋㅋ 고질라 내가 매일 집에서 저녁 쳐먹고 매일 쳐 보는 영화
240,10,2010.08.17 23:23,와우 이 영화는 현재 제가 제일 좋아하는 괴수입니다 일본고질라 후졌음
241,8,2010.08.13 20:29,어릴때.. 정말 감동받았던 고질라 ㅎ ㅎ
242,9,2010.08.13 01:37,괴수 영화의 표본........몇번을 봤는지 모르겠다............
243,10,2010.08.07 22:49,좋아요.
244,7,2010.08.07 22:48,기대보다 실망이 컸던 영화
245,8,2010.08.06 13:11,괜찮은 괴수 영화
246,10,2010.07.27 12:35,진짜 진짜 재밌게 본 괴수영화 괴수영화중 당연 최고!!!
247,10,2010.05.12 21:50,"헐.,.."
248,7,2010.04.30 00:42,킬링타임용 괴수영화!
249,8,2010.04.03 22:26,후속 애니메이션 '고질라 : 더 시리즈'까지 보는 재미
250,10,2010.03.15 20:04,괴수영화의 모든걸 갖춘 교과서라고나 할까...당시에 정말 충격적인 비쥬얼이었다.
251,8,2010.02.20 16:13,물고기가 많네요
252,10,2010.02.12 19:12,이거 제가본비에 평점이 좀 약하내요 ㅎ 좀 올리깨요
253,8,2010.02.07 21:07,그저 인간이 최고다.....
254,10,2010.02.03 00:05,롤랜드에머리히! 스케일이 굉장함 롤랜드 영화치곤 스토리도 굿! 138분이 너무 짧음!
255,10,2010.01.26 09:54,오최고에여요
256,8,2010.01.11 12:46,설날특선단골상영영화
257,10,2010.01.07 22:44,머리를 비우고 보면 재밌다
258,10,2010.01.06 21:59,좋은영화다
259,10,2010.01.03 12:16,내가 2번째로 본 영화라 좋은듯
260,9,2009.12.08 14:37,괴수 영화하면 고질라지
261,10,2009.12.05 22:27,이거 볼 때마다 재밌다 ㅎㅎㅎ 대박!
262,10,2009.11.26 22:39,7살떄 처음으로 극장가서 본영화 개재미있게봣음ㅋㅋ
263,7,2009.11.15 16:36,괴물 영화 하면 바로 떠오르는 영화 중 하나가 아닐까?
264,10,2009.11.05 20:56,재밌음
265,9,2009.09.20 13:19,미국애들은 이런영화 참~ 잘만든단 말이야...
266,10,2009.09.15 20:15,지루한 장면이 없어 좋군요 ㅎㅎ
267,10,2009.09.06 13:05,아흐 그냥
268,10,2009.09.03 17:24,고질라 미국꺼해라 걍
269,9,2009.09.01 19:23,용가리보다 100배낫다 괴물 최고영화인데 당시 흥행이 안되서 아쉽네
270,10,2009.08.29 01:52,당시.. 이거 극장가서봤따 !! 매진이였는데.. ㅎㅎ
271,10,2009.08.21 15:36,디워보다 고질라가 100배 더 재밌었다.... 이게 왜 흥행에 실패했을까??
272,10,2009.08.15 13:57,어떻게 디워하고 비교함??
273,10,2009.05.31 13:32,동원참치보고 깜짝놀랐다는...어떻게 고질라가 디워보다 그래픽이 화려함?
274,9,2009.05.02 23:54,덩치에 걸맞는 앙증맞은 이빨크기...
275,10,2009.04.25 20:42,98년 고질라의 CG는 지금의 트랜스포머와 같은 화려한 충격을 줬다.!!!
276,10,2009.04.20 08:02,디워랑고질라랑사지까는영화가 나왔으면
277,10,2009.03.29 20:06,일본것보다 낫다 개공감
278,10,2009.03.16 10:30,재미 있네요.
279,10,2009.02.24 10:32,그래도 일본판 보다는 나은데........
280,8,2009.02.23 13:40,이 영화사는 정말 예고편은 잘 만든다. 그런대 영화가 좀 부족해...
281,10,2009.02.20 10:09,재미있습니다. 이렇게 큰 파충류는 처음입니다.
282,10,2009.02.10 02:42,예전에 재밌게봤었음
283,8,2009.02.03 13:40,마지막에 그 알은 어케 되지?? 쨋든 쪼메 잼따.
284,10,2008.12.27 18:20,정말 재밌는영화..;; 완전 재밌던데;;?? 옛날영화같지 않은..;
285,10,2008.11.26 22:04,킬링타임용으론딱이다! 디워보다 재미는풍부한거같은데
286,7,2008.11.02 11:00,솔직히 말하자면 10년전 괴물 디워보다 재밌지 아니한가?
287,10,2008.09.12 18:05,난 아주 아주 재밌게 봤는데!^^
288,8,2008.08.30 14:24,웬만하면 다시는 리메이크 하지마라
289,9,2008.08.23 20:54,솔직히 재밌었다
290,10,2008.08.23 20:19,고질라 알 태어날때 쩐다
291,10,2008.08.23 19:23,재밌다~~~~~~ ㅎㅎ
292,10,2008.08.21 18:17,솔직히 디워보다는 재밌다..
293,10,2008.07.04 23:20,재밋
294,9,2008.06.23 20:26,일본것보단 낫다.(디워보다도)
295,7,2008.06.06 16:02,"그럭저럭 볼만하다, 쥬라기공원도 좀 따라하고 그랬네"
296,10,2008.06.04 01:21,재미있고 편하고 시원한 영화이다 많이 나왔으면 좋겠다.
297,10,2008.05.12 15:23,디워를 보고 봐서인지 존.나 잼있다.ㅋㅋ
298,10,2008.04.25 22:59,역시 헐리우드
299,10,2008.04.20 14:19,좋아!
300,10,2008.03.16 20:59,"""오락영화""라는 장르를 제대로 보여준 영화"
301,8,2008.03.14 00:17,대단한 고질라.... 이런류의 CG괴물 나오는영화 정말 굳 ㅋ
302,8,2008.03.07 17:14,10년전 영화지만 지금도 따라올영화가 없는 최고의 괴수영화
303,10,2008.02.19 00:35,cg좋고 스토리 디워에 비하면 초대작급 -_- 10년 뒤에나온 디워 안습
304,10,2008.02.13 14:28,맞아요.
305,10,2008.02.08 14:42,괴물 디워 쨉이안된다 이개 훨낳다
306,8,2008.02.04 21:50,괴물영화중 제일 재밌네
307,8,2008.02.03 16:44,흥행에 참패할 정도는 아니었는데... 괴수 영화로 기본기는 충분했다
308,10,2008.01.30 19:23,정말 별100개 주고도 않아깝다.
309,10,2008.01.30 12:41,너무 잼게 봣다
310,10,2008.01.27 12:17,디워보다 잼다
311,10,2008.01.26 14:07,최고의 괴수영화
312,10,2008.01.24 21:20,여전히 기억에 남는 괴수영화
313,10,2008.01.23 21:21,이상한 일본 고질라보다 훨씬 좋네 ㅎ
314,10,2008.01.21 10:06,역시 괴수영화는 달라~
315,10,2008.01.05 01:28,고질라의 고향을 미국으로 옴긴 영화.
316,8,2007.11.14 01:33,꽤 볼만했다 괴수가 커서 볼거리는 있었던듯..
317,10,2007.10.31 20:34,처음 봤을 때에는 정말 돋보였던 금문교 드라이브 액션
318,7,2007.10.28 02:18,나름대로 괜찮은 괴수 영화다. 후반에는 대충 봤지만.. 뭔가 아쉽다.
319,7,2007.10.24 05:55,"과학,비과학 할필요 없다 ... 이런건 그냥 보는거다."
320,10,2007.10.13 18:17,옛날에 온가족이랑 본기억이 ㅎㅎ
321,10,2007.10.03 10:32,일본거보다 5배낫다
322,10,2007.10.01 22:31,재밌게봤는데~?
323,10,2007.09.29 23:35,이 영화.. 아 .;; 머라 표현을 못할만큼 재밌음 ㅋㅋ.
324,10,2007.09.23 14:08,난재밌는데?!ㅎㅎㅎㅎㅎㅎ
325,10,2007.09.19 17:31,역시 괴수영화의 진정한 명작...
326,10,2007.09.08 20:37,괸찮은 영홥니다...초딩때 이영화 꽤나 흥미있게 봤다는...
327,7,2007.09.08 16:48,새끼 고질라들이 엄마 고질라보다 더 강한면모를 보여준거 같다.
328,7,2007.08.26 14:12,당시엔 괜찮았다. 괴수영화의 한획을 그은 작품.
329,10,2007.08.25 22:26,2번 정도 봤는데 계속 넘치는 스릴감???
330,10,2007.08.15 15:54,그러게요..디워 재미없게보면 대한사람이 아니다? 도대체 이게 무슨논리지?
331,10,2007.08.15 12:29,밑에 분 . 디워 재미없으면 다 양키 입니까 ?
332,10,2007.08.11 21:22,정말 디워보다 훨씬 잼있네 디워.. OOO기.ㅎㅎ
333,7,2007.08.11 15:52,그럭 저럭...
334,10,2007.08.08 15:15,난 고질라 재밋었는데 최고 ㅋ
335,10,2007.08.08 15:01,몇년만에 다시봐도 정말 최고의 영화~!
336,10,2007.08.07 22:30,재밌거든요 저 이거 20번 넘게 봤거든요
337,10,2007.08.06 14:46,이게 디워보다 훨씬 재밌었음
338,9,2007.08.02 20:15,사이즈가 정말 문제가 되지 않는다 재미있는 작품
339,10,2007.08.02 12:35,"동원참치가나와서좋았던영화..고질라는끈질겼지만,나름대로의블록버스터"
340,10,2007.08.02 08:27,동원참치때문에
341,10,2007.07.29 12:22,이 정도면 지금봐도 정말 잘만들었다. 괜히 시비거는 넘들....
342,10,2007.07.28 04:40,98년때 정말 몰입해서 재밌게 봤다.. 왜 참패한걸까??
343,10,2007.07.24 22:23,이게 먼저 나와 용가리를 재미 없게 만든 영화
344,10,2007.07.21 15:12,"이 당시를 생각하고 평점줘라, 영구와 공룡쭈쭈 나오던 시절이다."
345,10,2007.07.18 02:03,지금개봉해도1위석권이다 정말잘만들었다
346,10,2007.07.16 20:08,평점 낮네? 재밌었는데.. 끈질긴고질라.. ㅋㅋ
347,7,2007.07.15 09:34,크기에만 치중한 어설픈 괴수물
348,10,2007.07.09 10:38,대단하다.
349,9,2007.07.02 23:08,괴수영화 정말 좋아하는데..지금봐도 CG는 괜찮다. 속편이 나오길.!!
350,10,2007.06.23 12:25,그냥 동원참치이~~~~~~~~~~
351,8,2007.06.19 04:14,오락영화로 볼만한 영화
352,10,2007.06.17 05:37,공룡이 등장해 유치해질수도 있지만 전혀 그렇지 않은 영화 !!!
353,8,2007.06.05 20:01,좋았음
354,8,2007.04.12 23:36,어릴적 본 영화인데 cgv에서 해서 다시봤는데 역시 괜찮은 영화
355,10,2007.04.02 19:29,동원참치 아리랑 때문에 10점
356,9,2007.03.20 21:47,어렸을 때 참 재밌게 본 기억이 ㅎㅎ
357,8,2007.03.10 08:20,그냥 오락영화로 보기엔 괜찮은 영화
358,10,2007.03.07 14:36,아..... 쥬라기공원이후로 막 두근거렸다는~ ㅋㅋ
359,10,2007.02.28 00:02,동원 참치때문에 점수 1점 더줬습니다.
360,10,2007.02.21 20:12,그래도 상당히 재밌었는데 평점이 왜 이러지
361,10,2007.02.20 22:10,동원참치 때문에 10점
362,10,2007.02.08 01:56,진짜 제 말 믿으세요! 정말 재밌습니다!
363,10,2007.01.30 02:34,재미엇음 ㅜㅜㅜ 특수효과 은근히 잘 만들엇구
364,9,2007.01.29 22:58,처음부터 본 적 없지만 나름 재밌게 본 영화.
365,7,2007.01.22 15:23,★재미도 있고 특수효과도 화려하다. 과소평가 받는게 아쉽다
366,10,2007.01.16 10:02,일본꺼보단 열라잘만듬
367,10,2006.12.26 03:08,일본영화 원작보단 낫더라 -_-
368,10,2006.12.24 00:49,5살때 수백번도 빌려서 보았던 영화
369,10,2006.11.23 22:00,스릴잇고 재밌다.. 고질라 모양이 독특하고 ㅋㅋㅋㅋ
370,10,2006.11.09 23:33,동원참치 때문에 10
371,8,2006.11.06 19:49,극장에선 돈아깝다해도.. 티비로 참 재밌게봤는데^^;;
372,8,2006.11.03 07:57,그런대로 볼만하다
373,9,2006.10.26 16:54,속편이 나온다면 흥미진진하겠다
374,10,2006.10.17 17:16,역시 봐도 잼나는군 동원참치 나온게 인상적이다...ㄱ-
375,10,2006.10.17 14:29,정말 어렸을적 너무도 재미있게 봤던 영화
376,8,2006.10.06 01:35,B급 괴물 영화의 답습. 한걸음 더 나아갈 수도 있지 않았을까?
377,8,2006.10.01 10:38,SF의 정석...
378,8,2006.09.30 16:06,글쎄? 어린나이에 이만큼 신선한 재미를 준 영화는 드물었는데?
379,10,2006.09.09 22:26,돈을 무지막지하게 쏟은 흔적이.. 안습
380,10,2006.08.30 23:27,아 재미있기만하면돼지뭘 = _= 그당시 진짜.. 엄청난스케일 ;;
381,9,2006.08.24 12:29,고질러
382,7,2006.08.20 22:38,반전이 너무 뻔하다는
383,10,2006.08.15 02:11,괴수영화중 가장 좋아하는 영화
384,8,2006.08.13 15:26,고질라 새끼가 더 무섭다
385,7,2006.08.11 16:08,거대 괴물 나오는 영화치고는 재밌다.
386,10,2006.07.30 22:56,킬링타임용으로 괜찮음 지금봐도 몇부분 빼곤 그래픽  괜찮음
387,7,2006.07.29 13:37,동원 참치 나온거 보셧나요?ㅋㅋ
388,10,2006.07.27 21:56,소름돋았다.
389,10,2006.07.24 18:19,나름대로 재미있었음 ㅋㅋ
390,8,2006.07.24 01:46,나름대로 재밌었던 영화
391,7,2006.07.23 15:02,2는 안나오나?
392,10,2006.07.21 22:39,재밌다.ㅋㅋㅋ
393,8,2006.07.11 20:34,OCN에서 해주고 또 해주고..볼 때마다 재밌다^^
394,8,2006.07.05 11:35,쥬라기 공원하고 비슷함.. 고로 재밋다.
395,9,2006.07.04 22:57,괜찮았는데.. 평점들이 왜이러지;;
396,10,2006.06.27 23:41,시시한 것을 재밌게 볼 수 있는 사람에게만 권함
397,8,2006.06.18 16:15,제일마지막에 수많은 새끼들이 가장 인상깊었다..
398,10,2006.06.13 19:43,이런괴물나오는 SF물로는 쥬라기공원다음으로 최고!!!
399,8,2006.06.11 21:40,괜찮던데~?
400,10,2006.05.28 23:56,볼거리는 충분
401,10,2006.05.28 09:53,너무나도 감동적~~☆!
402,7,2006.05.27 15:50,완전 유치할뻔한 영화였지만 나름대로 괜찮았다.
403,10,2006.05.25 17:22,정말 최고였음!!!
404,10,2006.05.17 19:49,너무잼있었음..  그런데마지막에 그택시무적인가;;;;
405,10,2006.05.15 12:51,쪽바리꺼보단 100배재밌음
406,10,2006.05.14 11:59,최고였음
407,10,2006.05.03 20:19,일본보다 훨 낫다. 꽤 재밌음
408,10,2006.05.03 17:02,잼던데;; 점수가 왜이러지;;
409,10,2006.04.28 21:42,점수가 왜 이런지 모르겠다.
410,8,2006.04.16 00:27,몇장면만 잘표현했으면 더 좋았을텐데...
411,7,2006.03.23 17:10,킬킬 동원참치!
412,8,2006.02.25 22:23,이정도면 킬링타임용 영화로 훌륭하지~
413,10,2006.02.24 15:09,감독판이궁금함
414,8,2006.02.21 18:37,난 스릴러가 좋다. 근데 이거 OCN에서 너무 많이 틀어준다.
415,10,2006.02.20 13:09,동원참치의 힘.
416,7,2006.02.18 22:29,그냥 그럭저럭...
417,10,2006.02.16 01:14,한핏줄 영화들이 정말 압박이다 ㅋㅋㅋㅋㅋㅋ
418,10,2006.02.04 09:32,재밌는건 재밌는거다 눈만 높아져서는 쯔쯧
419,7,2006.01.31 13:27,나름대로 색다른 맛이 있다는 것은 부인할 수 없다.
420,9,2006.01.31 00:34,다들 솔직해지라고 재밌게 봤잖아? 장르노가 멋있더라 ㅋ
421,7,2006.01.17 10:56,그럭저럭 볼만하네
422,7,2006.01.14 23:06,특수효과만 봣다
423,7,2006.01.03 01:39,어렸을 적에는 진짜 스릴있게 봤는데..
424,9,2005.12.25 07:23,극장에서 보고 후회 안했다
425,10,2005.12.04 10:25,엄청나게 잼있었는데
426,7,2005.10.22 12:01,끝만 빼고 상당히 재밌었는데
427,10,2005.10.16 18:49,재미만있더만?
428,10,2005.10.06 17:22,매튜 브로데릭 때문에 보는 영화..
429,7,2005.09.28 20:31,그럭저럭 괜찮았음.
430,10,2005.09.06 17:15,대작이다
431,7,2005.09.04 22:18,"호감을 주는 괴수 영화, 내용면이 좀 아쉽지만 그럭저럭 괜찮다."
432,10,2005.09.02 17:41,재밌기만 하더라..
433,9,2005.08.18 06:52,난 박진감 있고 재미있던데 ^^;;
434,7,2005.08.14 10:41,D-war가 기다려지는군..
435,7,2005.07.24 13:54,재밌구만왜이리평점이낫지?감동도찔끔시체처리는어떻게했을까
436,7,2005.07.21 20:08,고질라.. 일단 크고 봐야한다... 아쉬움이 남는영화
437,9,2005.06.09 18:35,재밋던데; 악플다는 인간들은 뭐지 ㅡㅡ;
438,10,2005.04.25 20:04,그래도 솔직히 말해라 ㅋㅋㅋ 용가리보단 낫다
439,7,2005.03.06 17:11,별로 재미도 없고.. 슬픔도 없다
440,8,2005.03.06 13:28,글쎄... 난 재미있게 봤다....;;
441,10,2005.02.25 19:40,난 재미있던데;;
442,8,2005.02.14 16:28,재미는 보통이지만 잘만든 영화
443,10,2004.11.10 18:32,CG는 정말 눈부심... 헬기와 액션씬 죽였고... 내용은 그럭저럭
444,8,2004.10.28 18:35,ㅋㅋ재밌던데 왜들 그러시나
445,10,2004.08.17 23:28,"이영화진짜재밌어요ㅎ  메튜브로데릭 , 진짜멋있어,ㅎ"
446,7,2004.07.01 17:57,괴수는 언제나 매력적이다. 하지만 롤랜드는...
447,10,2004.05.06 09:05,아무 생각없이 보면 재미있는 영화
448,10,2004.01.05 00:00,더이상의 재미는 없다! 현재까지 만들어진 영화 중 재미로는 최고다!
449,6,2020.04.08 05:52,고지라가 아니라 쥬라기공원 티라노사우스 탈출.. 고지라 이름만 갖다쓴 영화
450,2,2020.03.30 15:18,"스토리는 1954년 원작 고지라에 가깝게 해놨는데, 그럼 뭐해 감독이 원작파괴하고 영화 개판만들어놨는데"
451,1,2020.02.24 19:23,고질라 생긴게 왜 저따구냐 고질라에 대한 이해가 없네 그리고 고질라 자식들은 랩터도 아니고 왜 저래? 정말 이딴 여화 평점이 7이라니...
452,10,2020.01.02 21:33,이거 진짜 재밋게 봤는데 아직도 재밋다 근데 평점 왜이럼??
453,10,2019.12.27 14:29,정말90년대를대표하는추억의괴수영화
454,10,2019.08.19 05:53,초등학생 시절에 본 최고의 괴수영화 지금와서봐도 재밌는듯 그당시 비디오가게에 포스터 막붙여져있고 초등학생 시절 이거 봤을때는 강박장애 병이 없었는데 고질라 처음봤을때로 돌아가고싶네요 최고의 괴수영화
455,10,2019.07.29 02:50,2019 일본식 고질라:킹오브더몬스터를 보고 나니 1998 미국식 고질라가 그리워졌다.
456,10,2019.05.03 03:32,이영활 왜 이제야봤는지..98년작인데 너무 잘만든듯..꿀잼..
457,5,2016.09.02 13:50,고군분투하는 고질라가 안쓰러울 지경
458,10,2016.03.13 19:28,평점올리기평점올리기
459,7,2015.08.08 06:18,이야기의 상당부분이 밀폐된 공간 속 여타 괴수물을 연상시키는데 재미와는 별개로 고질라라는 타이틀을 궁색하게 만드는 느낌이다. 일본원작이나 14년작과 비교해 오락성 만큼은 비교할 수 없을만큼 월등하다
460,9,2015.04.21 00:37,초딩때 정말 재밌게봄 cgv에서 해줄때마다 봤었는데
461,6,2014.12.20 21:38,AVGN 명언: 이 새끼는 절대로 고질라가 아닙니다.ㅇㅇ 그렇다. 이건 그냥 고질라라는 트레이드 마크보다는 그냥 거대 방사능 괴수이다. 그래도 스토리는 좋은듯해서.
462,5,2014.07.18 20:05,시시한 블록버스터... 당시 고질라의 마티즈 광고가 멋져
463,10,2014.04.24 17:38,이 영화가 까인 이유는 오로지 하나. 원작파괴 때문이다. 이번에 나올 고질라 리메이크는 원작에 충실했다고 함.
464,9,2014.03.17 19:36,고질라를 보고 깨닳았다 우리는 자연의 섭리를 철저히 무시하고 있다 본래 더 강한 종이 나타나면 본래종은 그자리를 줘야한다 그러나 인간은 다르다 더 강한 종이 나타나면 그 종을 파괴해버린다.. 자연의 섭리를 무시한 인...
465,4,2013.12.15 13:03,헐리우드가 잘못 이식한 거대한 도마뱀.
466,8,2013.05.17 20:58,재미있다.
467,10,2013.04.30 21:29,극장에서 고질라를 처음 봤을 때 입이 다물어지질 않았다   이때 서라운드을 처음 알았는데 뒤에서 헬기 날아오는 소리 아주 실감났다
468,8,2013.04.28 18:08,"사람들이 고지라,고지라 하는 이유를 알았다."
469,6,2013.03.01 21:37,가볍게 즐길 수 있는 90년대 영화
470,6,2013.02.19 08:58,"나라는 거대해야 하고, 장구한 역사가 있어야 하고, 뜨거운 조국애가 있고 등등 거대함에 대한 동경이 괴물까지 이어진다."
471,6,2012.03.16 20:32,에머리히 영화엔 항상 심드렁해질 수 밖에 없다. 요란뻑적지근한 파괴쇼.
472,5,2012.03.09 22:36,스토리에 끼워맞추기가 난감하나 오락영화임을 감안하면 뭐 그럭저럭 나쁘지않음
473,5,2011.05.27 17:40,쥬라기공원과 디워 사이
474,5,2010.07.31 06:18,에머리히 영화엔 항상 심드렁해질 수 밖에 없다. 요란뻑적지근한 파괴쇼.
475,6,2010.05.26 11:23,띠워보다는 좀 났지만 그래도 용호상박에 가깝다
476,6,2005.12.26 18:41,"199년 골든레즈베리상 ""최악의 영화"" 수상작!"
477,2,2019.09.23 22:02,원작 고질라에 대한 모독이다
478,10,2017.03.01 14:49,?? 내눈이잘못된줄 이게왜 7점이에요? 못해도 8점인데;;
479,3,2015.11.18 20:48,1998년 원작 파괴... 고질라 2014 가렛 에드워즈 (감독)가 살려냈다.
480,6,2014.11.27 01:55,사이즈만 큰 쥬라기공원 도시버전
481,8,2019.05.31 15:42,20년이 넘은 지금 충무로에서도 이런 지금 봐도 완벽한 영화 못 만든다.
482,1,2015.07.13 05:13,원작을 대놓고 무시하고 만들거면 차라리 독단적으로 만들지 왜 리메이크를 했을까? 원작에 그나마 충실한걸로 볼려면 2014 고질라 봐라 훨씬 낫다.
483,10,2014.05.18 02:27,이번에 새로나온 고질라 2014보고 다시 1998보는데 훨씬더 1998이 긴장감있고 재밌네요 ^^벌써 16년전영화라니^^
484,1,2014.04.30 17:12,고질라 발만보여주다가 끝난영화
485,1,2010.01.11 17:51,고질라가 몸집이 엄청크고 빠른데 사람이 달리는게 고질라랑 똑같나-- 존내 완전
486,1,2009.12.03 01:20,고질라를 멍청한 괴물로 만든 감독의 저질 연출에 애도를 표한다. 최악의 블록버스터.
487,10,2019.05.27 19:39,고질라 2014 2019 개망작 1998년도꺼보고 배워라
488,1,2014.11.09 13:23,감독한테 말한다 원작은 보고 만들었는가?
489,1,2014.05.19 22:04,NC의 리뷰를 봣다면 이 영화가 얼마나 어이없는영화인지 알거입니다
490,1,2009.06.20 12:59,나는 일본 고지라를 광적으로 좋아합니다.
491,1,2014.02.27 02:17,제임스롤프-제작진은 '고지라'라는 괴수의 네임밸류만 따왔지 그 특성은 완전히 무시했습니다. 게다가 불도 안 뿜더군요. 제작진은 현실적으로 보이게 하려고 그랬다는데 X까는 소리하고 앉았네!스파이더맨을 현...
492,10,2019.01.01 17:53,오드리이OOO련이네
493,7,2018.03.07 22:43,98년에 유치할 것 같아 안 본 영화.  에머리히가 이정도 수준이었군.
494,7,2017.12.05 17:55,어릴때보던영화 신기함
495,7,2017.07.04 16:30,지금봐도 나쁘지 않다.
496,10,2015.10.26 02:39,1에선 바이러스로 디지구 2에선? 액티브x.팝업.렉 으로 디지나?
497,9,2015.08.29 13:59,꽤 재밌게 봤음. 여주가 이쁘던데 이거 이후로 활동이 거의 없어 아쉬웠음..
498,10,2015.02.18 21:20,원작을 파괴했니 어쩌니 거품무는 사람 꽤있던데 재밌기만 하구만 ㅎ_ㅎ
499,7,2015.01.21 02:04,당시에 이정도면 괜찮은듯..
500,9,2014.11.12 02:28,충분히 대작이다. . 동원참치캔 나온거보고 깜놀..
501,10,2014.10.24 16:52,지금봐도재미있음 마지막 고질라하고택시추격전은지금봐도최고임
502,8,2014.08.17 12:10,이건 고질라가 아니자나!!그이외에는 상당히 우수한 영화
503,9,2014.08.11 23:54,누가 이걸 15년전 영화라 믿을까? 주인공이 동원 참치캔을 들고 쳐다보는 장면에서 깜놀했던 기억이...
504,10,2014.05.25 20:11,진짜 이번 고질라 티나 근데 이거고질라 보면 기억이 새록새록와 진짜 재미있었는데
505,10,2014.05.19 12:07,8점은 무난히 넘을것 같은데 생각보다 평점이낮네 어렷을때봣던 추억의영화임 미군vs고질라를 잘 표현한것같음 글고 주인공들이 아기고질라들과의 사투씬은 아직도 기억이날정도로 임팩트 잇엇음
506,8,2014.05.19 00:48,98년도 영화라니 믿을 수가 없다.
507,10,2013.12.12 23:44,초딩때본 고질라를 잊을수 없지
508,6,2013.09.15 15:20,냐이거참..왜 봤지..
509,10,2013.08.30 09:11,소름끼치게 재미있다! 근데 7점대 영화는 아니라고 보는데?
510,8,2013.08.16 00:15,평범한 오락영화.스토리가 별로고 좀 유치한감이 있음
511,10,2012.09.15 23:15,어렷을적에 재밌게 본기억이..@_@
512,6,2011.03.17 00:01,생각보다 별루였다.
513,8,2010.01.13 18:22,원조 고질라에 비해 실망했던...
514,10,2009.11.12 14:42,"한국사람들은 이런영화 이해 절대못하지만 난 이해 할 수 있다,"
515,6,2009.09.16 07:20,비추천.
516,4,2008.11.11 18:08,"무뇌의 극치. 롤랜드 에머리히, 정체성을 확립하다."
517,4,2008.04.02 09:36,이러니까 용가리랑 경합이라는 말을듣지
518,6,2008.02.02 09:35,숨겨진 알이 깨어나는 전형적인 헐리우드식 엔딩엔 코웃음이 나옴.
519,6,2007.12.09 17:22,왕건이라고 다 좋은 건 아니랍니다
520,3,2007.11.25 20:39,쉴새 없이 때려 부수는 고질라를 보고 있으니 속은 시원하다.
521,2,2007.11.21 16:33,심형래와 겨룰 수 있을 만한 허접 영화
522,6,2007.11.14 16:42,금문교가 아니라 브루클린현수교 였죠.
523,6,2007.10.12 13:28,왕건이라고 다 좋은게 아니랍니다
524,2,2007.09.24 10:38,디워보다 약간 나은 수준
525,4,2007.09.18 23:07,헐리웃 괴수 영화의 문제점은 번식에 너무 얽매인다는 점.. 지겹다
526,3,2007.08.12 20:52,아래님 무슨말씀을? 디워도 재미 있어요! 대한사람이 아니군요!
527,4,2007.08.07 19:34,디워 보고 이거보니까 이뭐병같다ㅋㅋㅋ
528,6,2007.08.04 03:58,사이즈가 문제가 되지 않는다는 말이 아니라 크기가 정말 중요하다는 말임
529,5,2006.12.29 19:05,크다 근데 그게 다야
530,4,2006.07.29 11:23,이건 뭐.. 재미도 없고..
531,2,2006.07.28 14:30,극장서 본영화중 최악
532,1,2006.02.01 13:10,일본나와서 거지같다
533,4,2005.09.21 14:59,재밌었나?
534,3,2005.08.02 18:18,화면빨에는 만점
535,3,2005.08.01 06:12,화면빨만 있으면 본전은 건진다는 생각에 제동건 영화!!
536,1,2005.07.19 14:39,용가리가 낫다
537,4,2005.05.23 15:05,진짜 보고나서 실망한 영화 재미도 없고 스릴도 없고..-_-
538,4,2005.04.29 01:26,광고문구대로 사이즈로만 컸던...
539,3,2005.03.26 01:29,내용도 목적도 없는 눈요기 영화
540,4,2005.03.05 20:48,돈 찍어바른 영화의 멸망이라는 건가?..
541,3,2005.02.27 16:40,맙소사! 그 형편없는 원작이 위대해 보일정도라니!
542,3,2004.01.15 00:00,내 참 어이가 없는 영화. 아무리 영화라도 그렇지..
543,9,2020.01.15 23:21,최고의 괴수영화 아닌가요? 왜 평점이 7점대인가요 최소 8점은 넘어야죠!!
544,10,2019.12.12 11:09,고질라 영화 중 갑오브 갑
545,10,2019.11.16 09:29,이런 꿀잼영화의 평점이 너무 낮다...
546,10,2019.08.14 16:44,왜 혹평인지 이해불가영화
547,10,2019.05.31 21:28,10점 받아도 마땅한 영화
548,10,2019.05.15 22:07,1998년에 만들어진걸 감안했을때 정말 잘 만들어진 영화라는 생각. 그래픽 화질이나 영상 기술문제일뿐 현재 다시 재 상영되도 흥행할 영화
549,10,2019.05.11 09:09,최고의 고질라 영화다.
550,3,2016.10.14 12:14,원작 파괴의 진정한 상징.
551,10,2015.07.16 01:18,학교에서 이거보다가 중간부분부터본 친구가 핵노잼이라한다....어딜봐서 핵노잼이지? 진짜 내가본 괴물 괴수영화중 TOP3안에 드는데...
552,9,2014.11.23 23:59,"16년전 영화를 뒤늦게 보고 까대나?  고질라 하면 이 영화 만한게 없지~  오락적 재미, 스케일, 액션 모두 최고였다"
553,8,2014.07.30 13:22,2014  보다 이게 더 현실감 있어보인다
554,5,2013.07.10 02:54,긴장감도 부족하고 산만하며 유치함. 중반까지는 졸리는데 뒷심은 좀 있는 편?
555,5,2012.11.07 20:06,유치하고 어설픈데 이 미친중독성ㅋㅋ아무생각없이 보면됨ㅋㅋ
556,5,2016.04.18 18:43,Cg만 좋다고 똥꼬빨아주는 영화알못들 존내 극혐이네 ㅋ 스토리랑 줄거리는 좋았으나 고질라를 다이어트 시켜버린 것 때문에 괴작이라는 평론이 있음
557,6,2016.01.31 14:53,영화 자체는 재밌다그러나 지나친 원작 파괴와 부실한 스토리와 배우들의 뭔가 부족한 연기가 이 영화를 망쳤다
558,4,2014.09.11 18:20,원작에 애정 없는 감독(그것도 에머리히)에게 리메이크를 맡기면.
559,1,2010.02.25 01:23,하하 이거 1년뒤에 매트릭스가 나왔다죠 하하
560,1,2011.08.11 05:11,원작과 비교하면 존재가치가없는 OOO 영화 이게 더재밌다는놈들은 무뇌아다
561,2,2014.05.16 03:03,2014년 버젼을 보니 이영화가 얼마나 쓰레기 인지 세삼스럽게 다시 느껴진다.
562,1,2020.02.07 19:05,로튼토마트 16% imdb 5.4짜리 쓰레기영화를 빨고앉았네 ㅉㅉ
563,10,2015.12.07 01:51,나 지금 평점 7점대라는거에 답답해서 올린다
564,10,2015.08.28 05:21,2015년에 봐도 정말 잘 만든영화임
565,10,2015.03.09 17:10,아니 이거 평점이 왜이래?
566,10,2014.08.26 02:02,이 고질라가 졸잼이란걸 요번에 나온 고질라때매 이제알았다
567,9,2014.07.23 19:32,욕하는 분들 걍 꺼지셈. 솔직히 일본판이  낫긴 하지만 이것도 꼬ㅒ 재밌씀
568,9,2014.05.23 20:56,2014년꺼보다훠~~~얼씬나음
569,5,2014.05.11 12:24,원작을 사실적으로 만들려는 것은 알겠는데원작에 너무 벗어났다(그래도 영화는 좋았다)
570,10,2014.01.13 23:51,난 이영화를 욕하는 사람들 머릿속이 궁금하다. 그런 인간들이 영화를 만들면 이정도 수준은 나올까?
571,3,2012.04.25 17:33,감독이 헤매다 만들었나?
572,3,2014.06.01 02:13,50m짜리 이구아나가 깽판 치다 미군의 위대함에 GG친다(아... 미국의 택시의 위대함도 느껴야지 헬기도 못쫏는 녀석을 따돌리니..ㅋ)
573,5,2014.05.30 09:21,"어릴 때 봤을 때는 재밌었는데,,  어른이 되고나서 보니깐 확실히 아동용영화스럽다,,"
574,9,2014.05.18 14:24,나에겐 이 고질라의 이미지가 너무 강해서 2014년 개봉한 고질라가 너무 재미없었다 ㅌㅋㅋㅋ
575,10,2014.05.18 13:23,어릴적 수십번은본 명작
576,10,2014.05.17 22:50,98년도에 이정도면 10점만점에10점
577,1,2007.05.07 19:57,말 그대로 큰괴물하나 도시복판에 갖다놨음.근데 죽을때 웬 측은지심유발?
578,1,2007.03.21 21:05,별로
579,2,2016.03.14 07:18,넌 고질라가 아니야...
580,10,2014.05.16 18:35,영화 후기 처음남기는데요원작에 벚어났다 원작을 무시했다 등별 머저리 같은 평이 많네요15년전 영화라 믿기지 않는 수작입니다 ㄱㄱ
581,1,2012.03.25 16:35,이거 인디펜던스데이만든놈들이만들고  NC가리뷰도햇었음.  그만큼 쓰레기영화.
582,1,2011.08.24 00:10,쓰레기 평점을 줄수밖에 없는 처치곤란한 블록 버스터
583,1,2009.02.02 19:08,기본적인 상식조차 갖추지 못한 영화... 말 그대로 똥덩어리다
584,1,2007.07.17 21:52,용가리나 고질라나..
585,1,2007.07.16 06:56,날지 못하는 돼지는 돼지가 아니듯이 방사능 화염이 없는 고질라는 닭이다
586,1,2007.07.09 22:39,좀 황당 ?
587,1,2012.09.10 03:20,"왜 출연한건지 모르겠는 배우, 왜 했는지 모르겠는 특수효과, 왜 썼는지 모르겠는 시나리오가 만난 왜 만들었는지 모르겠는 영화."
588,10,2014.08.23 15:18,고질라영화중 최고의명작 20년가까이지난 지금봐도 그래픽의차이를 못느끼겠음. 2014고질라같은 촤고의 졸작이랑은 완전히 다른.
589,3,2014.08.08 13:09,괴수영화는 단순무식해야 하거늘
590,1,2014.06.23 23:24,여자주인공이 질질대서 이 영화는 1점이다. 너무 길고 지루하고 여자때매 짜증난다.
591,10,2014.05.26 19:12,1998년 고질라는 진짜 괴수영화중 가장 기억에 남을만한 20세기 걸작이다... cg도 98년도에 비교하였을때 매우 뛰어났으며 인상 깊은 장면들이 많았기  때문이라 볼수있다.  근데 1점씩 주는 새(아기)는 누군지 ...
592,10,2014.05.26 17:31,진짜재밌는데왜다들욕하지???영화다보고98년에만들었다는거알고놀랐음...진짜지금만들었다고해도손색이없고스토리도재밌는데...긴장감넘치게잘봤음
593,1,2019.03.09 13:27,오드리 진짜 찡찡거리네요 ;
594,5,2017.02.05 08:01,기대이하네요 솔직히 재미없습니다
595,4,2015.07.16 20:56,일본의 문화를 먹칠한 영화라서 4점 줌
596,1,2018.12.10 10:49,원작파괴한 영화라 비추합니다. 고질라라는 이름만 없었음 그저그런 괴수영화였을텐데..
597,3,2018.08.07 22:16,재미없다. 보지 마...
598,4,2014.05.15 13:23,어릴때 봤던 영화중에서 베스트 10 안에 들던 영화였어요.몇일전 TV에서 틀어주길래 기대하면서 봤는대  유치해서 못보겠더라고요 ㅋㅋ초등학생들 틀어주면 좋아할듯. 제 점수는요. 4점 드리겠습니다.
599,2,2015.01.09 02:42,오락성은 2014판보다 나을수 있으나 헐리우드가 고질라라는 네임을 빌려 3류 블록버스터물로 명성을 먹칠한것에 대해 분노를 금치못한다 내가 아는 고질라는 단순 괴수액션 블록버스터에 나오는 수준낮은 크리처물이 아니다
